{
  "version": "v1.0.0-202512161205",
  "feature_version": "v2.0.0",
  "feature_names": [
    "confluence_score",
    "reason_count",
    "base_strength",
    "quote_strength",
    "strength_divergence",
    "strength_trend_aligned",
    "structure_score",
    "trend_bullish",
    "trend_bearish",
    "bos_count_recent",
    "higher_tf_aligned",
    "zone_quality",
    "sweep_recency_minutes",
    "entry_zone_width_pips",
    "stop_behind_liquidity",
    "rsi_value",
    "rsi_oversold",
    "rsi_overbought",
    "atr_ratio",
    "impulse_ratio",
    "momentum_aligned",
    "risk_reward_ratio",
    "stop_distance_atr",
    "entry_type_limit",
    "session_london",
    "session_ny",
    "session_overlap",
    "hour_of_day",
    "day_of_week",
    "news_within_2h",
    "symbol_recent_win_rate",
    "setup_type_win_rate"
  ],
  "feature_count": 32,
  "config": {
    "model_type": "xgboost",
    "n_estimators": 200,
    "max_depth": 8,
    "learning_rate": 0.05,
    "calibrate": true,
    "calibration_method": "isotonic"
  },
  "metrics": {
    "accuracy": 0.7252475247524752,
    "precision_win": 0.722,
    "recall_win": 0.8356481481481481,
    "f1_win": 0.7746781115879828,
    "auc_win": 0.8302243400315209,
    "brier_score": 0.17663525348407386,
    "rmse_r": 682.4981410837079,
    "mae_r": 192.30716723925298,
    "win_rate_p50": 0.7280163599182005,
    "avg_r_p50": 134.71060414109064,
    "ev_p50": 134.71060414109064,
    "n_trades_p50": 489,
    "win_rate_p55": 0.7292110874200426,
    "avg_r_p55": 135.54908876976762,
    "ev_p55": 135.54908876976762,
    "n_trades_p55": 469,
    "win_rate_p60": 0.7377777777777778,
    "avg_r_p60": 128.48615352845394,
    "ev_p60": 128.48615352845394,
    "n_trades_p60": 450,
    "win_rate_p65": 0.7511961722488039,
    "avg_r_p65": 124.7669350206466,
    "ev_p65": 124.7669350206466,
    "n_trades_p65": 418,
    "win_rate_p70": 0.7709923664122137,
    "avg_r_p70": 106.79192936043111,
    "ev_p70": 106.79192936043111,
    "n_trades_p70": 393,
    "ev_all": 242.80271004645277,
    "win_rate_all": 0.5346534653465347,
    "profit_factor": 0.1543684429844124
  },
  "feature_importance": {
    "confluence_score": 0.04509725421667099,
    "reason_count": 0.03671608492732048,
    "base_strength": 0.0,
    "quote_strength": 0.0,
    "strength_divergence": 0.0,
    "strength_trend_aligned": 0.0,
    "structure_score": 0.0,
    "trend_bullish": 0.0,
    "trend_bearish": 0.0,
    "bos_count_recent": 0.055973369628190994,
    "higher_tf_aligned": 0.03778814524412155,
    "zone_quality": 0.042040932923555374,
    "sweep_recency_minutes": 0.0,
    "entry_zone_width_pips": 0.07708387821912766,
    "stop_behind_liquidity": 0.1688782423734665,
    "rsi_value": 0.05629556626081467,
    "rsi_oversold": 0.0,
    "rsi_overbought": 0.039417948573827744,
    "atr_ratio": 0.045982662588357925,
    "impulse_ratio": 0.040014803409576416,
    "momentum_aligned": 0.11148042231798172,
    "risk_reward_ratio": 0.12134022265672684,
    "stop_distance_atr": 0.12189053744077682,
    "entry_type_limit": 0.0,
    "session_london": 0.0,
    "session_ny": 0.0,
    "session_overlap": 0.0,
    "hour_of_day": 0.0,
    "day_of_week": 0.0,
    "news_within_2h": 0.0,
    "symbol_recent_win_rate": 0.0,
    "setup_type_win_rate": 0.0
  },
  "training_samples": 2624,
  "trained_at": "2025-12-16T12:05:01.323292"
}