{
  "version": "v1.0.0-202512161213",
  "feature_version": "v2.0.0",
  "feature_names": [
    "confluence_score",
    "reason_count",
    "base_strength",
    "quote_strength",
    "strength_divergence",
    "strength_trend_aligned",
    "structure_score",
    "trend_bullish",
    "trend_bearish",
    "bos_count_recent",
    "higher_tf_aligned",
    "zone_quality",
    "sweep_recency_minutes",
    "entry_zone_width_pips",
    "stop_behind_liquidity",
    "rsi_value",
    "rsi_oversold",
    "rsi_overbought",
    "atr_ratio",
    "impulse_ratio",
    "momentum_aligned",
    "risk_reward_ratio",
    "stop_distance_atr",
    "entry_type_limit",
    "session_london",
    "session_ny",
    "session_overlap",
    "hour_of_day",
    "day_of_week",
    "news_within_2h",
    "symbol_recent_win_rate",
    "setup_type_win_rate"
  ],
  "feature_count": 32,
  "config": {
    "model_type": "xgboost",
    "n_estimators": 200,
    "max_depth": 8,
    "learning_rate": 0.05,
    "calibrate": true,
    "calibration_method": "isotonic"
  },
  "metrics": {
    "accuracy": 0.8106435643564357,
    "precision_win": 0.6367713004484304,
    "recall_win": 0.7244897959183674,
    "f1_win": 0.6778042959427207,
    "auc_win": 0.9096638655462185,
    "brier_score": 0.11882254906306501,
    "rmse_r": 0.7326448628724824,
    "mae_r": 0.5417994098687412,
    "win_rate_p50": 0.6401869158878505,
    "avg_r_p50": 0.2886884916761473,
    "ev_p50": 0.2886884916761473,
    "n_trades_p50": 214,
    "win_rate_p55": 0.6421568627450981,
    "avg_r_p55": 0.2778599355973059,
    "ev_p55": 0.2778599355973059,
    "n_trades_p55": 204,
    "win_rate_p60": 0.6443298969072165,
    "avg_r_p60": 0.26933995649664383,
    "ev_p60": 0.26933995649664383,
    "n_trades_p60": 194,
    "win_rate_p65": 0.6467391304347826,
    "avg_r_p65": 0.257431808646632,
    "ev_p65": 0.257431808646632,
    "n_trades_p65": 184,
    "win_rate_p70": 0.6524390243902439,
    "avg_r_p70": 0.24658013463927064,
    "ev_p70": 0.24658013463927064,
    "n_trades_p70": 164,
    "ev_all": 0.1784296531477367,
    "win_rate_all": 0.24257425742574257,
    "profit_factor": 2.0031378678359437
  },
  "feature_importance": {
    "confluence_score": 0.02864142693579197,
    "reason_count": 0.02773750200867653,
    "base_strength": 0.0,
    "quote_strength": 0.0,
    "strength_divergence": 0.0,
    "strength_trend_aligned": 0.0,
    "structure_score": 0.0,
    "trend_bullish": 0.0,
    "trend_bearish": 0.0,
    "bos_count_recent": 0.030053364112973213,
    "higher_tf_aligned": 0.01714184693992138,
    "zone_quality": 0.026868807151913643,
    "sweep_recency_minutes": 0.0,
    "entry_zone_width_pips": 0.03283771499991417,
    "stop_behind_liquidity": 0.2398010641336441,
    "rsi_value": 0.03153851628303528,
    "rsi_oversold": 0.01421093475073576,
    "rsi_overbought": 0.06253942847251892,
    "atr_ratio": 0.02641366235911846,
    "impulse_ratio": 0.025885937735438347,
    "momentum_aligned": 0.09099454432725906,
    "risk_reward_ratio": 0.029623815789818764,
    "stop_distance_atr": 0.31571143865585327,
    "entry_type_limit": 0.0,
    "session_london": 0.0,
    "session_ny": 0.0,
    "session_overlap": 0.0,
    "hour_of_day": 0.0,
    "day_of_week": 0.0,
    "news_within_2h": 0.0,
    "symbol_recent_win_rate": 0.0,
    "setup_type_win_rate": 0.0
  },
  "training_samples": 2624,
  "trained_at": "2025-12-16T12:13:17.867013"
}